SECTION_ID,WEEKDAY_NAME,BLOCK_NAME,ROOM
090070-10,Monday,Period 6 (US),US Gymnasium - Boys
090070-10,Thursday,Period 6 (US),US Gymnasium - Boys
090070-20,Monday,Period 3 (US),US Gymnasium - Boys
090070-20,Tuesday,Period 10 (US),US Gymnasium - Boys
090070-30,Thursday,Period 6 (US),US Gymnasium - Boys
090070-30,Friday,Period 5 (US),US Gymnasium - Boys
090070-40,Tuesday,Period 10 (US),US Gymnasium - Boys
090070-40,Wednesday,Period 9 (US),US Gymnasium - Boys
090070-50,Monday,Period 6 (US),US Gymnasium - Boys
090070-50,Friday,Period 5 (US),US Gymnasium - Boys
090070-60,Monday,Period 3 (US),US Gymnasium - Boys
090070-60,Wednesday,Period 9 (US),US Gymnasium - Boys
090080-10,Monday,Period 6 (US),US Gymnasium - Girls
090080-10,Thursday,Period 6 (US),US Gymnasium - Girls
090080-20,Monday,Period 3 (US),US Gymnasium - Girls
090080-20,Tuesday,Period 10 (US),US Gymnasium - Girls
090080-30,Thursday,Period 6 (US),US Gymnasium - Girls
090080-30,Friday,Period 5 (US),US Gymnasium - Girls
090080-40,Tuesday,Period 10 (US),US Gymnasium - Girls
090080-40,Wednesday,Period 9 (US),US Gymnasium - Girls
090080-50,Monday,Period 6 (US),US Gymnasium - Girls
090080-50,Friday,Period 5 (US),US Gymnasium - Girls
090080-60,Monday,Period 3 (US),US Gymnasium - Girls
090080-60,Wednesday,Period 9 (US),US Gymnasium - Girls
090170-10,Monday,Period 9 (US),US Classroom 705 Art
090170-10,Wednesday,Period 3 (US),US Classroom 705 Art
090170-15,Monday,Period 9 (US),US Classroom 705 Art
090170-15,Wednesday,Period 3 (US),US Classroom 705 Art
090170-20,Tuesday,Period 3 (US),US Classroom 705 Art
090170-20,Thursday,Period 3 (US),US Classroom 705 Art
090170-25,Tuesday,Period 3 (US),US Classroom 705 Art
090170-25,Thursday,Period 3 (US),US Classroom 705 Art
090170-30,Tuesday,Period 6 (US),US Classroom 705 Art
090170-30,Thursday,Period 9 (US),US Classroom 705 Art
090170-35,Tuesday,Period 6 (US),US Classroom 705 Art
090170-35,Thursday,Period 9 (US),US Classroom 705 Art
090170-40,Wednesday,Period 7 (US),US Classroom 705 Art
090170-40,Friday,Period 4 (US),US Classroom 705 Art
090170-45,Wednesday,Period 7 (US),US Classroom 705 Art
090170-45,Friday,Period 4 (US),US Classroom 705 Art
090270-10,Monday,Period 9 (US),US Classroom 702 Music
090270-10,Wednesday,Period 3 (US),US Classroom 702 Music
090270-15,Monday,Period 9 (US),US Classroom 702 Music
090270-15,Wednesday,Period 3 (US),US Classroom 702 Music
090270-20,Tuesday,Period 3 (US),US Classroom 702 Music
090270-20,Thursday,Period 3 (US),US Classroom 702 Music
090270-25,Tuesday,Period 3 (US),US Classroom 702 Music
090270-25,Thursday,Period 3 (US),US Classroom 702 Music
090270-30,Tuesday,Period 6 (US),US Classroom 702 Music
090270-30,Thursday,Period 9 (US),US Classroom 702 Music
090270-35,Tuesday,Period 6 (US),US Classroom 702 Music
090270-35,Thursday,Period 9 (US),US Classroom 702 Music
090270-40,Wednesday,Period 7 (US),US Classroom 702 Music
090270-40,Friday,Period 4 (US),US Classroom 702 Music
090270-45,Wednesday,Period 7 (US),US Classroom 702 Music
090270-45,Friday,Period 4 (US),US Classroom 702 Music
090370-10,Tuesday,Period 1 (US),US Classroom 406
090370-20,Friday,Period 3 (US),US Classroom 305
090370-30,Monday,Period 7 (US),US Classroom 304
090370-40,Friday,Period 6 (US),US Classroom 507
090370-50,Thursday,Period 7 (US),US Classroom 604
090370-60,Tuesday,Period 2 (US),US Classroom 406
090370-70,Tuesday,Period 4 (US),US Classroom 406
090701-10,Monday,Period 4 (US),US Learning Center
090701-10,Thursday,Period 8 (US),US Learning Center
090701-10,Friday,Period 3 (US),US Learning Center
090701-20,Tuesday,Period 7 (US),US Learning Center
090701-20,Wednesday,Period 6 (US),US Learning Center
090701-20,Friday,Period 6 (US),US Learning Center
090701-30,Monday,Period 10 (US),US Learning Center
090701-30,Wednesday,Period 2 (US),US Learning Center
090701-30,Thursday,Period 7 (US),US Learning Center
090701-40,Monday,Period 1 (US),US Learning Center
090701-40,Wednesday,Period 1 (US),US Learning Center
090701-40,Thursday,Period 10 (US),US Learning Center
090702-10,Monday,Period 6 (US),US Learning Center
090702-20,Thursday,Period 6 (US),US Learning Center
090702-30,Friday,Period 5 (US),US Learning Center
090702-40,Monday,Period 3 (US),US Learning Center
091000-10,Monday,Period 4 (US),US Classroom 307
091000-10,Tuesday,Period 1 (US),US Classroom 307
091000-10,Thursday,Period 8 (US),US Classroom 307
091000-10,Friday,Period 3 (US),US Classroom 307
091000-20,Monday,Period 7 (US),US Classroom 602
091000-20,Tuesday,Period 7 (US),US Classroom 602
091000-20,Wednesday,Period 6 (US),US Classroom 602
091000-20,Friday,Period 6 (US),US Classroom 602
091000-30,Monday,Period 10 (US),US Classroom 307
091000-30,Tuesday,Period 2 (US),US Classroom 307
091000-30,Wednesday,Period 2 (US),US Classroom 307
091000-30,Thursday,Period 7 (US),US Classroom 307
091000-40,Monday,Period 1 (US),US Classroom 602
091000-40,Tuesday,Period 4 (US),US Classroom 602
091000-40,Wednesday,Period 1 (US),US Classroom 602
091000-40,Thursday,Period 10 (US),US Classroom 602
091004-35,Monday,Period 10 (US),US Classroom 604
091004-35,Tuesday,Period 2 (US),US Classroom 305
091004-35,Wednesday,Period 2 (US),US Classroom 306
091004-35,Thursday,Period 7 (US),US Classroom 703
091004-45,Monday,Period 1 (US),US Classroom 305
091004-45,Tuesday,Period 4 (US),US Classroom 401
091004-45,Wednesday,Period 1 (US),US Classroom 306
091004-45,Thursday,Period 10 (US),US Classroom 307
092000-10,Monday,Period 4 (US),US Classroom 604
092000-10,Tuesday,Period 1 (US),US Classroom 604
092000-10,Thursday,Period 8 (US),US Classroom 604
092000-10,Friday,Period 3 (US),US Classroom 604
092000-15,Monday,Period 4 (US),US Classroom 501
092000-15,Tuesday,Period 1 (US),US Classroom 501
092000-15,Thursday,Period 8 (US),US Classroom 501
092000-15,Friday,Period 3 (US),US Classroom 501
092000-20,Monday,Period 7 (US),US Classroom 302
092000-20,Tuesday,Period 7 (US),US Classroom 305
092000-20,Wednesday,Period 6 (US),US Classroom 301
092000-20,Friday,Period 6 (US),US Classroom 301
092000-30,Monday,Period 10 (US),US Classroom 406
092000-30,Tuesday,Period 2 (US),US Classroom 604
092000-30,Wednesday,Period 2 (US),US Classroom 704 Computer
092000-30,Thursday,Period 7 (US),US Classroom 506
092000-35,Monday,Period 10 (US),US Classroom 501
092000-35,Tuesday,Period 2 (US),US Classroom 501
092000-35,Wednesday,Period 2 (US),US Classroom 501
092000-35,Thursday,Period 7 (US),US Classroom 501
092000-40,Monday,Period 1 (US),US Classroom 604
092000-40,Tuesday,Period 4 (US),US Classroom 604
092000-40,Wednesday,Period 1 (US),US Classroom 604
092000-40,Thursday,Period 10 (US),US Classroom 604
093032-20,Monday,Period 7 (US),US Classroom 507
093032-20,Tuesday,Period 7 (US),US Classroom 507
093032-20,Wednesday,Period 6 (US),US Classroom 507
093034-30,Monday,Period 10 (US),US Classroom 507
093034-30,Tuesday,Period 2 (US),US Classroom 507
093034-30,Wednesday,Period 2 (US),US Classroom 507
093041-20,Monday,Period 7 (US),US Classroom 506
093041-20,Tuesday,Period 7 (US),US Classroom 506
093041-20,Wednesday,Period 6 (US),US Classroom 506
093042-20,Tuesday,Period 7 (US),US Classroom 306
093042-20,Wednesday,Period 6 (US),US Classroom 306
093042-20,Friday,Period 6 (US),US Classroom 306
093044-10,Monday,Period 4 (US),US Classroom 306
093044-10,Thursday,Period 8 (US),US Classroom 306
093044-10,Friday,Period 3 (US),US Classroom 306
093044-15,Monday,Period 4 (US),US Classroom 305
093044-15,Tuesday,Period 1 (US),US SC-Seminar
093044-15,Thursday,Period 8 (US),US SC-Seminar
093044-30,Monday,Period 10 (US),US Classroom 306
093044-30,Wednesday,Period 2 (US),US Classroom 506
093044-30,Thursday,Period 7 (US),US SC-Seminar
093044-40,Monday,Period 1 (US),US Classroom 301
093044-40,Wednesday,Period 1 (US),US Classroom 506
093044-40,Thursday,Period 10 (US),US Classroom 501
094010-10,Monday,Period 9 (US),US SC-Seminar
094010-10,Tuesday,Period 6 (US),US SC-Seminar
094010-10,Wednesday,Period 3 (US),US Classroom 304
094010-10,Thursday,Period 9 (US),US Classroom 304
094011-10,Monday,Period 9 (US),US Classroom 603 Math
094011-10,Tuesday,Period 6 (US),US Classroom 603 Math
094011-10,Wednesday,Period 3 (US),US Classroom 603 Math
094011-10,Thursday,Period 9 (US),US Classroom 603 Math
094011-20,Tuesday,Period 3 (US),US Classroom 603 Math
094011-20,Wednesday,Period 7 (US),US Classroom 603 Math
094011-20,Thursday,Period 3 (US),US Classroom 603 Math
094011-20,Friday,Period 4 (US),US Classroom 603 Math
094012-10,Monday,Period 9 (US),US Classroom 606 Math
094012-10,Tuesday,Period 6 (US),US Classroom 606 Math
094012-10,Wednesday,Period 3 (US),US Classroom 606 Math
094012-10,Thursday,Period 9 (US),US Classroom 606 Math
094012-20,Tuesday,Period 3 (US),US Classroom 303 Math
094012-20,Wednesday,Period 7 (US),US Classroom 606 Math
094012-20,Thursday,Period 3 (US),US Classroom 606 Math
094012-20,Friday,Period 4 (US),US Classroom 606 Math
094013-10,Monday,Period 9 (US),US Classroom 602
094013-10,Tuesday,Period 6 (US),US Classroom 302
094013-10,Wednesday,Period 3 (US),US Classroom 302
094013-10,Thursday,Period 9 (US),US SC-Seminar
094014-20,Tuesday,Period 3 (US),US Classroom 604
094014-20,Wednesday,Period 7 (US),US Classroom 406
094014-20,Thursday,Period 3 (US),US Classroom 303 Math
094014-20,Friday,Period 4 (US),US Classroom 304
095001-20,Monday,Period 7 (US),US Classroom 504 Bio Lab
095001-20,Tuesday,Period 7 (US),US Classroom 504 Bio Lab
095001-20,Wednesday,Period 6 (US),US Classroom 504 Bio Lab
095001-20,Friday,Period 6 (US),US Classroom 504 Bio Lab
095001-40,Monday,Period 1 (US),US Classroom 504 Bio Lab
095001-40,Tuesday,Period 4 (US),US Classroom 504 Bio Lab
095001-40,Wednesday,Period 1 (US),US Classroom 504 Bio Lab
095001-40,Thursday,Period 10 (US),US Classroom 504 Bio Lab
095002-10,Monday,Period 4 (US),US Classroom 503 Chem Lab
095002-10,Tuesday,Period 1 (US),US Classroom 503 Chem Lab
095002-10,Thursday,Period 8 (US),US Classroom 503 Chem Lab
095002-10,Friday,Period 3 (US),US Classroom 503 Chem Lab
095002-20,Monday,Period 7 (US),US Classroom 604
095002-20,Tuesday,Period 7 (US),US Classroom 503 Chem Lab
095002-20,Wednesday,Period 6 (US),US Classroom 503 Chem Lab
095002-20,Friday,Period 6 (US),US Classroom 503 Chem Lab
095003-10,Monday,Period 4 (US),US Classroom 504 Bio Lab
095003-10,Tuesday,Period 1 (US),US Classroom 504 Bio Lab
095003-10,Thursday,Period 8 (US),US Classroom 504 Bio Lab
095003-10,Friday,Period 3 (US),US Classroom 504 Bio Lab
095011-30,Monday,Period 10 (US),US Classroom 504 Bio Lab
095011-30,Tuesday,Period 2 (US),US Classroom 504 Bio Lab
095011-30,Wednesday,Period 2 (US),US Classroom 503 Chem Lab
095011-30,Thursday,Period 7 (US),US Classroom 503 Chem Lab
095011-40,Monday,Period 1 (US),US Classroom 507
095011-40,Tuesday,Period 4 (US),US Classroom 503 Chem Lab
095011-40,Wednesday,Period 1 (US),US Classroom 503 Chem Lab
095011-40,Thursday,Period 10 (US),US Classroom 503 Chem Lab
095400-10,Monday,Period 9 (US),US Classroom 704 Computer
095400-10,Wednesday,Period 3 (US),US Classroom 704 Computer
095400-20,Wednesday,Period 7 (US),US Classroom 704 Computer
095400-20,Friday,Period 4 (US),US Classroom 704 Computer
095400-30,Tuesday,Period 6 (US),US Classroom 704 Computer
095400-30,Thursday,Period 9 (US),US Classroom 704 Computer
095400-40,Wednesday,Period 7 (US),US Classroom 703
095400-40,Friday,Period 4 (US),US Classroom 703
095400-50,Monday,Period 9 (US),US Classroom 703
095400-50,Wednesday,Period 3 (US),US Classroom 703
095400-60,Tuesday,Period 3 (US),US Classroom 704 Computer
095400-60,Thursday,Period 3 (US),US Classroom 704 Computer
095400-70,Tuesday,Period 6 (US),US Classroom 703
095400-70,Thursday,Period 9 (US),US Classroom 703
095400-80,Tuesday,Period 3 (US),US Classroom 703
095400-80,Thursday,Period 3 (US),US Classroom 703
096001-10,Monday,Period 8 (US),US Classroom 601
096001-10,Wednesday,Period 4 (US),US Classroom 602
096001-10,Thursday,Period 4 (US),US Classroom 601
096001-10,Friday,Period 1 (US),US Classroom 307
096002-10,Monday,Period 8 (US),US Classroom 302
096002-10,Wednesday,Period 4 (US),US Classroom 601
096002-10,Thursday,Period 4 (US),US Classroom 302
096002-10,Friday,Period 1 (US),US Classroom 501
096002-20,Monday,Period 8 (US),US Classroom 305
096002-20,Wednesday,Period 4 (US),US Classroom 401
096002-20,Thursday,Period 4 (US),US Classroom 306
096002-20,Friday,Period 1 (US),US Classroom 506
096411-10,Monday,Period 2 (US),US Classroom 502 Phys Lab
096411-10,Tuesday,Period 9 (US),US Classroom 305
096411-10,Wednesday,Period 10 (US),US Classroom 507
096411-10,Thursday,Period 2 (US),US Classroom 507
096411-10,Friday,Period 2 (US),US Classroom 502 Phys Lab
096413-10,Monday,Period 2 (US),US Classroom 401
096413-10,Tuesday,Period 9 (US),US Classroom 306
096413-10,Wednesday,Period 10 (US),US Classroom 601
096413-10,Thursday,Period 2 (US),US Classroom 603 Math
096413-10,Friday,Period 2 (US),US Classroom 201 Beit Midrash
096413-20,Monday,Period 2 (US),US Classroom 606 Math
096413-20,Tuesday,Period 9 (US),US Classroom 602
096413-20,Wednesday,Period 10 (US),US Classroom 602
096413-20,Thursday,Period 2 (US),US Classroom 602
096413-20,Friday,Period 2 (US),US Classroom 606 Math
096414-10,Monday,Period 2 (US),US Classroom 601
096414-10,Tuesday,Period 9 (US),US Classroom 507
096414-10,Wednesday,Period 10 (US),US Classroom 606 Math
096414-10,Thursday,Period 2 (US),US Library
096414-10,Friday,Period 2 (US),US Library
097001-10,Monday,Period 2 (US),US Classroom 302
097001-10,Tuesday,Period 9 (US),US Classroom 302
097001-10,Wednesday,Period 10 (US),US Classroom 302
097001-10,Thursday,Period 2 (US),US Classroom 302
097001-10,Friday,Period 2 (US),US Classroom 302
097002-10,Monday,Period 2 (US),US Classroom 501
097002-10,Tuesday,Period 9 (US),US Classroom 506
097002-10,Wednesday,Period 10 (US),US Classroom 305
097002-10,Thursday,Period 2 (US),US Classroom 502 Phys Lab
097002-10,Friday,Period 2 (US),US Classroom 406
097002-20,Monday,Period 2 (US),US Classroom 406
097002-20,Tuesday,Period 9 (US),US Classroom 601
097002-20,Wednesday,Period 10 (US),US Classroom 501
097002-20,Thursday,Period 2 (US),US Classroom 501
097002-20,Friday,Period 2 (US),US Classroom 602
097013-10,Tuesday,Period 8 (US),US Classroom 703
097013-10,Wednesday,Period 8 (US),US Classroom 703
097013-10,Thursday,Period 1 (US),US Classroom 703
097013-10,Friday,Period 1 (US),US Classroom 702 Music
097013-20,Tuesday,Period 8 (US),US Classroom 601
097013-20,Wednesday,Period 8 (US),US Classroom 601
097013-20,Thursday,Period 1 (US),US Classroom 601
097013-20,Friday,Period 1 (US),US Classroom 601
097013-30,Tuesday,Period 8 (US),US Classroom 704 Computer
097013-30,Wednesday,Period 8 (US),US Classroom 602
097013-30,Thursday,Period 1 (US),US Classroom 502 Phys Lab
097013-30,Friday,Period 1 (US),US Classroom 305
097014-10,Tuesday,Period 8 (US),US 4th Flr Conference Room
097014-10,Wednesday,Period 8 (US),US Classroom 201 Beit Midrash
097014-10,Thursday,Period 1 (US),US 4th Flr Conference Room
097014-10,Friday,Period 1 (US),US 4th Flr Conference Room
098013-10,Tuesday,Period 8 (US),US Classroom 602
098013-10,Wednesday,Period 8 (US),US Classroom 502 Phys Lab
098013-10,Thursday,Period 1 (US),US Classroom 507
098013-20,Tuesday,Period 8 (US),US Classroom 506
098013-20,Wednesday,Period 8 (US),US Classroom 506
098013-20,Thursday,Period 1 (US),US Classroom 306
098013-30,Tuesday,Period 8 (US),US Classroom 305
098013-30,Wednesday,Period 8 (US),US Classroom 603 Math
098013-30,Thursday,Period 1 (US),US Classroom 307
098013-40,Monday,Period 8 (US),US Classroom 306
098013-40,Wednesday,Period 4 (US),US Classroom 406
098013-40,Thursday,Period 4 (US),US Classroom 406
098013-50,Monday,Period 8 (US),US Classroom 307
098013-50,Wednesday,Period 4 (US),US Classroom 603 Math
098013-50,Thursday,Period 4 (US),US Classroom 301
098013-60,Monday,Period 8 (US),US Classroom 506
098013-60,Wednesday,Period 4 (US),US Classroom 305
098013-60,Thursday,Period 4 (US),US Classroom 401
099001-10,Monday,Period 6 (US),US Classroom 401
099001-10,Thursday,Period 6 (US),US Classroom 401
099001-10,Friday,Period 5 (US),US Classroom 401
099002-10,Monday,Period 6 (US),US Classroom 302
099002-10,Thursday,Period 6 (US),US Classroom 302
099002-10,Friday,Period 5 (US),US Classroom 304
099003-10,Monday,Period 3 (US),US Classroom 304
099003-10,Tuesday,Period 10 (US),US Classroom 304
099003-10,Wednesday,Period 9 (US),US Classroom 304
099004-10,Monday,Period 3 (US),US Classroom 301
099004-10,Tuesday,Period 10 (US),US Classroom 401
099004-10,Wednesday,Period 9 (US),US Classroom 302
099005-10,Monday,Period 3 (US),US Classroom 501
099005-10,Tuesday,Period 10 (US),US Classroom 601
099005-10,Wednesday,Period 9 (US),US Classroom 602
099006-10,Monday,Period 6 (US),US Classroom 406
099006-10,Thursday,Period 6 (US),US Classroom 406
099006-10,Friday,Period 5 (US),US Classroom 406
100070-10,Monday,Period 8 (US),US Gymnasium - Boys
100070-10,Wednesday,Period 8 (US),US Gymnasium - Boys
100070-20,Tuesday,Period 9 (US),US Gymnasium - Boys
100070-20,Wednesday,Period 6 (US),US Gymnasium - Boys
100070-30,Wednesday,Period 8 (US),US Gymnasium - Boys
100070-30,Thursday,Period 10 (US),US Gymnasium - Boys
100070-40,Wednesday,Period 6 (US),US Gymnasium - Boys
100070-40,Thursday,Period 1 (US),US Gymnasium - Boys
100070-50,Monday,Period 8 (US),US Gymnasium - Boys
100070-50,Thursday,Period 10 (US),US Gymnasium - Boys
100070-60,Tuesday,Period 9 (US),US Gymnasium - Boys
100070-60,Thursday,Period 1 (US),US Gymnasium - Boys
100080-10,Monday,Period 8 (US),US Gymnasium - Girls
100080-10,Wednesday,Period 8 (US),US Gymnasium - Girls
100080-20,Tuesday,Period 9 (US),US Gymnasium - Girls
100080-20,Wednesday,Period 6 (US),US Gymnasium - Girls
100080-30,Wednesday,Period 8 (US),US Gymnasium - Girls
100080-30,Thursday,Period 10 (US),US Gymnasium - Girls
100080-40,Wednesday,Period 6 (US),US Gymnasium - Girls
100080-40,Thursday,Period 1 (US),US Gymnasium - Girls
100080-50,Monday,Period 8 (US),US Gymnasium - Girls
100080-50,Thursday,Period 10 (US),US Gymnasium - Girls
100080-60,Tuesday,Period 9 (US),US Gymnasium - Girls
100080-60,Thursday,Period 1 (US),US Gymnasium - Girls
100170-10,Tuesday,Period 7 (US),US Classroom 705 Art
100170-10,Friday,Period 3 (US),US Classroom 705 Art
100170-15,Tuesday,Period 7 (US),US Classroom 705 Art
100170-15,Friday,Period 3 (US),US Classroom 705 Art
100170-20,Tuesday,Period 2 (US),US Classroom 705 Art
100170-20,Friday,Period 6 (US),US Classroom 705 Art
100170-25,Tuesday,Period 2 (US),US Classroom 705 Art
100170-25,Friday,Period 6 (US),US Classroom 705 Art
100170-30,Monday,Period 1 (US),US Classroom 705 Art
100170-30,Wednesday,Period 1 (US),US Classroom 705 Art
100170-35,Monday,Period 1 (US),US Classroom 705 Art
100170-35,Wednesday,Period 1 (US),US Classroom 705 Art
100170-40,Monday,Period 5 (US),US Classroom 705 Art
100170-40,Wednesday,Period 5 (US),US Classroom 705 Art
100170-45,Monday,Period 5 (US),US Classroom 705 Art
100170-45,Wednesday,Period 5 (US),US Classroom 705 Art
100270-10,Tuesday,Period 7 (US),US Classroom 702 Music
100270-10,Friday,Period 3 (US),US Classroom 702 Music
100270-15,Tuesday,Period 7 (US),US Classroom 702 Music
100270-15,Friday,Period 3 (US),US Classroom 702 Music
100270-20,Tuesday,Period 2 (US),US Classroom 702 Music
100270-20,Friday,Period 6 (US),US Classroom 702 Music
100270-25,Tuesday,Period 2 (US),US Classroom 702 Music
100270-25,Friday,Period 6 (US),US Classroom 702 Music
100270-30,Monday,Period 1 (US),US Classroom 702 Music
100270-30,Wednesday,Period 1 (US),US Classroom 702 Music
100270-35,Monday,Period 1 (US),US Classroom 702 Music
100270-35,Wednesday,Period 1 (US),US Classroom 702 Music
100270-40,Monday,Period 5 (US),US Classroom 702 Music
100270-40,Wednesday,Period 5 (US),US Classroom 702 Music
100270-45,Monday,Period 5 (US),US Classroom 702 Music
100270-45,Wednesday,Period 5 (US),US Classroom 702 Music
100370-10,Tuesday,Period 10 (US),US Classroom 501
100370-20,Wednesday,Period 7 (US),US Classroom 401
100370-30,Monday,Period 6 (US),US Classroom 304
100370-40,Tuesday,Period 6 (US),US Classroom 401
100370-50,Tuesday,Period 8 (US),US Classroom 202 Beit Knesset
100370-60,Wednesday,Period 3 (US),US Classroom 306
100701-10,Monday,Period 7 (US),US Learning Center
100701-10,Thursday,Period 5 (US),US Learning Center
100701-10,Friday,Period 1 (US),US Learning Center
100701-20,Monday,Period 6 (US),US Learning Center
100701-20,Thursday,Period 6 (US),US Learning Center
100701-20,Friday,Period 2 (US),US Learning Center
100701-30,Monday,Period 2 (US),US Learning Center
100701-30,Wednesday,Period 10 (US),US Learning Center
100701-30,Thursday,Period 2 (US),US Learning Center
100701-40,Monday,Period 9 (US),US Learning Center
100701-40,Wednesday,Period 3 (US),US Learning Center
100701-40,Thursday,Period 9 (US),US Learning Center
100702-10,Monday,Period 4 (US),US Learning Center
100702-10,Wednesday,Period 6 (US),US Learning Center
100702-20,Wednesday,Period 4 (US),US Learning Center
100702-30,Monday,Period 2 (US),US Learning Center
100702-30,Thursday,Period 2 (US),US Learning Center
101000-10,Monday,Period 7 (US),US Classroom 703
101000-10,Tuesday,Period 10 (US),US Classroom 602
101000-10,Thursday,Period 5 (US),US Classroom 302
101000-10,Friday,Period 1 (US),US Classroom 507
101000-30,Monday,Period 2 (US),US Classroom 602
101000-30,Tuesday,Period 6 (US),US Classroom 307
101000-30,Wednesday,Period 10 (US),US Classroom 307
101000-30,Thursday,Period 2 (US),US Classroom 305
101000-40,Monday,Period 9 (US),US Classroom 303 Math
101000-40,Tuesday,Period 8 (US),US Classroom 304
101000-40,Wednesday,Period 3 (US),US Classroom 602
101000-40,Thursday,Period 9 (US),US Classroom 602
101001-30,Monday,Period 2 (US),US Classroom 305
101001-30,Tuesday,Period 6 (US),US Classroom 306
101001-30,Wednesday,Period 10 (US),US Classroom 504 Bio Lab
101001-30,Thursday,Period 2 (US),US Classroom 504 Bio Lab
101004-20,Monday,Period 6 (US),US Classroom 307
101004-20,Wednesday,Period 7 (US),US Classroom 307
101004-20,Thursday,Period 6 (US),US Classroom 307
101004-20,Friday,Period 2 (US),US Classroom 307
101004-40,Monday,Period 9 (US),US Classroom 307
101004-40,Tuesday,Period 8 (US),US Classroom 307
101004-40,Wednesday,Period 3 (US),US Classroom 307
101004-40,Thursday,Period 9 (US),US Classroom 307
102000-10,Monday,Period 7 (US),US Classroom 301
102000-10,Tuesday,Period 10 (US),US Classroom 301
102000-10,Thursday,Period 5 (US),US Classroom 301
102000-10,Friday,Period 1 (US),US Classroom 301
102000-20,Monday,Period 6 (US),US Classroom 604
102000-20,Wednesday,Period 7 (US),US Classroom 604
102000-20,Thursday,Period 6 (US),US Classroom 604
102000-20,Friday,Period 2 (US),US Classroom 604
102000-25,Monday,Period 6 (US),US Classroom 501
102000-25,Wednesday,Period 7 (US),US Classroom 501
102000-25,Thursday,Period 6 (US),US Classroom 501
102000-25,Friday,Period 2 (US),US Classroom 501
102000-30,Monday,Period 2 (US),US Classroom 604
102000-30,Tuesday,Period 6 (US),US Classroom 604
102000-30,Wednesday,Period 10 (US),US Classroom 604
102000-30,Thursday,Period 2 (US),US Classroom 604
102000-35,Monday,Period 2 (US),US Classroom 301
102000-35,Tuesday,Period 6 (US),US Classroom 301
102000-35,Wednesday,Period 10 (US),US Classroom 301
102000-35,Thursday,Period 2 (US),US Classroom 301
102000-40,Monday,Period 9 (US),US Classroom 604
102000-40,Tuesday,Period 8 (US),US Classroom 604
102000-40,Wednesday,Period 3 (US),US Classroom 604
102000-40,Thursday,Period 9 (US),US Classroom 604
103033-40,Monday,Period 9 (US),US Classroom 507
103033-40,Wednesday,Period 3 (US),US Classroom 507
103033-40,Thursday,Period 9 (US),US Classroom 507
103034-20,Monday,Period 6 (US),US Classroom 507
103034-20,Thursday,Period 6 (US),US Classroom 507
103034-20,Friday,Period 2 (US),US Classroom 507
103041-10,Monday,Period 7 (US),US Classroom 306
103041-10,Thursday,Period 5 (US),US Classroom 306
103041-10,Friday,Period 1 (US),US Classroom 306
103043-20,Wednesday,Period 7 (US),US Classroom 506
103043-20,Thursday,Period 6 (US),US Classroom 506
103043-20,Friday,Period 2 (US),US Classroom 506
103044-30,Monday,Period 2 (US),US Classroom 306
103044-30,Wednesday,Period 10 (US),US Classroom 306
103044-30,Thursday,Period 2 (US),US Classroom 306
103044-40,Monday,Period 9 (US),US Classroom 306
103044-40,Tuesday,Period 8 (US),US Classroom 306
103044-40,Thursday,Period 9 (US),US Classroom 306
104009-10,Monday,Period 5 (US),US Classroom 305
104009-10,Tuesday,Period 2 (US),US Classroom 506
104009-10,Wednesday,Period 5 (US),US Classroom 301
104009-10,Friday,Period 6 (US),US Classroom 401
104010-20,Monday,Period 5 (US),US SC-Seminar
104010-20,Tuesday,Period 2 (US),US SC-Seminar
104010-20,Wednesday,Period 5 (US),US SC-Seminar
104010-20,Friday,Period 6 (US),US SC-Seminar
104011-10,Monday,Period 1 (US),US Classroom 503 Chem Lab
104011-10,Tuesday,Period 7 (US),US Classroom 401
104011-10,Wednesday,Period 1 (US),US Classroom 305
104011-10,Friday,Period 3 (US),US Classroom 304
104011-20,Monday,Period 5 (US),US Classroom 604
104011-20,Tuesday,Period 2 (US),US Classroom 503 Chem Lab
104011-20,Wednesday,Period 5 (US),US Classroom 304
104011-20,Friday,Period 6 (US),US Classroom 304
104012-10,Monday,Period 1 (US),US Classroom 303 Math
104012-10,Tuesday,Period 7 (US),US Classroom 303 Math
104012-10,Wednesday,Period 1 (US),US Classroom 303 Math
104012-10,Friday,Period 3 (US),US Classroom 303 Math
104012-20,Monday,Period 5 (US),US Classroom 303 Math
104012-20,Tuesday,Period 2 (US),US Classroom 303 Math
104012-20,Wednesday,Period 5 (US),US Classroom 303 Math
104012-20,Friday,Period 6 (US),US Classroom 303 Math
104013-10,Monday,Period 1 (US),US Classroom 603 Math
104013-10,Tuesday,Period 7 (US),US Classroom 603 Math
104013-10,Wednesday,Period 1 (US),US Classroom 603 Math
104013-10,Friday,Period 3 (US),US Classroom 603 Math
104013-20,Monday,Period 5 (US),US Classroom 603 Math
104013-20,Tuesday,Period 2 (US),US Classroom 606 Math
104013-20,Wednesday,Period 5 (US),US Classroom 606 Math
104013-20,Friday,Period 6 (US),US Classroom 606 Math
104018-10,Monday,Period 1 (US),US SC-Seminar
104018-10,Tuesday,Period 7 (US),US Classroom 606 Math
104018-10,Wednesday,Period 1 (US),US Classroom 606 Math
104018-10,Friday,Period 3 (US),US Classroom 606 Math
105001-10,Monday,Period 7 (US),US Classroom 503 Chem Lab
105001-10,Tuesday,Period 10 (US),US Classroom 504 Bio Lab
105001-10,Thursday,Period 5 (US),US Classroom 503 Chem Lab
105001-10,Friday,Period 1 (US),US Classroom 503 Chem Lab
105001-20,Monday,Period 6 (US),US Classroom 503 Chem Lab
105001-20,Wednesday,Period 7 (US),US Classroom 503 Chem Lab
105001-20,Thursday,Period 6 (US),US Classroom 503 Chem Lab
105001-20,Friday,Period 2 (US),US Classroom 503 Chem Lab
105002-30,Monday,Period 2 (US),US Classroom 504 Bio Lab
105002-30,Tuesday,Period 6 (US),US Classroom 503 Chem Lab
105002-30,Wednesday,Period 10 (US),US Classroom 503 Chem Lab
105002-30,Thursday,Period 2 (US),US Classroom 503 Chem Lab
105002-40,Monday,Period 9 (US),US Classroom 503 Chem Lab
105002-40,Tuesday,Period 8 (US),US Classroom 503 Chem Lab
105002-40,Wednesday,Period 3 (US),US Classroom 503 Chem Lab
105002-40,Thursday,Period 9 (US),US Classroom 504 Bio Lab
105003-40,Monday,Period 9 (US),US Classroom 504 Bio Lab
105003-40,Tuesday,Period 8 (US),US Classroom 504 Bio Lab
105003-40,Wednesday,Period 3 (US),US Classroom 504 Bio Lab
105003-40,Thursday,Period 9 (US),US Classroom 503 Chem Lab
105011-10,Monday,Period 7 (US),US Classroom 501
105011-10,Tuesday,Period 10 (US),US Classroom 503 Chem Lab
105011-10,Thursday,Period 5 (US),US Classroom 504 Bio Lab
105011-10,Friday,Period 1 (US),US Classroom 504 Bio Lab
105011-20,Monday,Period 6 (US),US Classroom 502 Phys Lab
105011-20,Wednesday,Period 7 (US),US Classroom 504 Bio Lab
105011-20,Thursday,Period 6 (US),US Classroom 502 Phys Lab
105011-20,Friday,Period 2 (US),US Classroom 504 Bio Lab
105400-10,Tuesday,Period 7 (US),US Classroom 704 Computer
105400-10,Friday,Period 3 (US),US Classroom 704 Computer
105400-20,Tuesday,Period 2 (US),US Classroom 704 Computer
105400-20,Friday,Period 6 (US),US Classroom 704 Computer
105400-30,Monday,Period 1 (US),US Classroom 704 Computer
105400-30,Wednesday,Period 1 (US),US Classroom 704 Computer
105404-10,Monday,Period 1 (US),US Classroom 703
105404-10,Wednesday,Period 1 (US),US Classroom 703
105404-20,Tuesday,Period 2 (US),US Classroom 703
105404-20,Friday,Period 6 (US),US Classroom 703
105404-30,Tuesday,Period 7 (US),US Classroom 703
105404-30,Friday,Period 3 (US),US Classroom 703
105404-40,Monday,Period 5 (US),US Classroom 703
105404-40,Wednesday,Period 5 (US),US Classroom 703
106001-10,Monday,Period 3 (US),US Classroom 305
106001-10,Tuesday,Period 1 (US),US Classroom 305
106001-10,Wednesday,Period 9 (US),US Classroom 305
106001-10,Thursday,Period 7 (US),US Classroom 305
106002-10,Monday,Period 3 (US),US Classroom 602
106002-10,Tuesday,Period 1 (US),US Classroom 506
106002-10,Wednesday,Period 9 (US),US Classroom 606 Math
106002-10,Thursday,Period 7 (US),US Classroom 603 Math
106002-20,Monday,Period 3 (US),US Classroom 401
106002-20,Tuesday,Period 1 (US),US Classroom 401
106002-20,Wednesday,Period 9 (US),US Classroom 401
106002-20,Thursday,Period 7 (US),US Classroom 401
106411-10,Monday,Period 10 (US),US Classroom 305
106411-10,Tuesday,Period 5 (US),US Classroom 305
106411-10,Wednesday,Period 2 (US),US Classroom 601
106411-10,Thursday,Period 3 (US),US Classroom 305
106413-10,Monday,Period 10 (US),US Classroom 603 Math
106413-10,Tuesday,Period 5 (US),US Classroom 603 Math
106413-10,Wednesday,Period 2 (US),US Classroom 702 Music
106413-10,Thursday,Period 3 (US),US Classroom 302
106413-20,Monday,Period 10 (US),US Classroom 606 Math
106413-20,Tuesday,Period 5 (US),US Classroom 601
106413-20,Wednesday,Period 2 (US),US Classroom 504 Bio Lab
106413-20,Thursday,Period 3 (US),US Classroom 601
107000-10,Monday,Period 10 (US),US Library
107000-10,Tuesday,Period 5 (US),US Library
107000-10,Wednesday,Period 2 (US),US Library
107000-10,Thursday,Period 3 (US),US Library
107000-10,Friday,Period 4 (US),US Library
107001-10,Monday,Period 10 (US),US Classroom 401
107001-10,Tuesday,Period 5 (US),US Classroom 602
107001-10,Wednesday,Period 2 (US),US Classroom 201 Beit Midrash
107001-10,Thursday,Period 3 (US),US Classroom 506
107001-10,Friday,Period 4 (US),US Classroom 305
107002-10,Monday,Period 10 (US),US Classroom 602
107002-10,Tuesday,Period 5 (US),US Classroom 304
107002-10,Wednesday,Period 2 (US),US Classroom 604
107002-10,Thursday,Period 3 (US),US Classroom 301
107002-10,Friday,Period 4 (US),US Classroom 306
107002-20,Monday,Period 10 (US),US Classroom 601
107002-20,Tuesday,Period 5 (US),US Classroom 301
107002-20,Wednesday,Period 2 (US),US Classroom 301
107002-20,Thursday,Period 3 (US),US Classroom 604
107002-20,Friday,Period 4 (US),US Classroom 307
107013-10,Monday,Period 3 (US),US Classroom 601
107013-10,Tuesday,Period 3 (US),US Classroom 601
107013-10,Wednesday,Period 9 (US),US Classroom 601
107013-10,Thursday,Period 8 (US),US Classroom 601
107013-20,Monday,Period 3 (US),US Classroom 502 Phys Lab
107013-20,Tuesday,Period 3 (US),US Classroom 301
107013-20,Wednesday,Period 9 (US),US Classroom 501
107013-20,Thursday,Period 8 (US),US Classroom 704 Computer
107013-30,Monday,Period 3 (US),US Classroom 603 Math
107013-30,Tuesday,Period 3 (US),US SC-Seminar
107013-30,Wednesday,Period 9 (US),US Classroom 603 Math
107013-30,Thursday,Period 8 (US),US Classroom 201 Beit Midrash
108013-10,Tuesday,Period 3 (US),US Classroom 307
108013-10,Thursday,Period 8 (US),US Classroom 603 Math
108013-20,Tuesday,Period 3 (US),US Classroom 305
108013-20,Thursday,Period 8 (US),US Classroom 606 Math
108013-30,Tuesday,Period 3 (US),US Classroom 302
108013-30,Thursday,Period 8 (US),US Classroom 304
108013-40,Tuesday,Period 1 (US),US Classroom 306
108013-40,Thursday,Period 7 (US),US Classroom 504 Bio Lab
108013-40,Friday,Period 5 (US),US Classroom 302
108013-50,Tuesday,Period 1 (US),US Classroom 704 Computer
108013-50,Thursday,Period 7 (US),US Classroom 606 Math
108013-50,Friday,Period 5 (US),US Classroom 306
108013-60,Tuesday,Period 1 (US),US Classroom 303 Math
108013-60,Thursday,Period 7 (US),US Classroom 304
108013-60,Friday,Period 5 (US),US Classroom 305
109001-10,Monday,Period 8 (US),US Classroom 304
109001-10,Wednesday,Period 8 (US),US Classroom 303 Math
109001-10,Thursday,Period 10 (US),US Classroom 301
109002-10,Monday,Period 8 (US),US Classroom 401
109002-10,Wednesday,Period 8 (US),US Classroom 304
109002-10,Thursday,Period 10 (US),US Classroom 306
109002-20,Monday,Period 8 (US),US Classroom 406
109002-20,Wednesday,Period 8 (US),US Classroom 406
109002-20,Thursday,Period 10 (US),US Classroom 401
109003-40,Tuesday,Period 9 (US),US Classroom 406
109003-40,Wednesday,Period 6 (US),US Classroom 406
109003-40,Thursday,Period 1 (US),US Classroom 406
109003-50,Tuesday,Period 9 (US),US Classroom 304
109003-50,Wednesday,Period 6 (US),US Classroom 304
109003-50,Thursday,Period 1 (US),US Classroom 304
109014-60,Tuesday,Period 9 (US),US Classroom 401
109014-60,Wednesday,Period 6 (US),US Classroom 401
109014-60,Thursday,Period 1 (US),US Classroom 506
110070-10,Wednesday,Period 4 (US),US Gymnasium - Boys
110070-20,Wednesday,Period 10 (US),US Gymnasium - Boys
110070-30,Wednesday,Period 4 (US),US Gymnasium - Boys
110070-40,Wednesday,Period 10 (US),US Gymnasium - Boys
110080-10,Wednesday,Period 4 (US),US Gymnasium - Girls
110080-20,Wednesday,Period 10 (US),US Gymnasium - Girls
110080-30,Wednesday,Period 4 (US),US Gymnasium - Girls
110080-40,Wednesday,Period 10 (US),US Gymnasium - Girls
110101-10,Monday,Period 9 (US),US Classroom 705 Art
110101-10,Tuesday,Period 1 (US),US Classroom 705 Art
110101-10,Wednesday,Period 3 (US),US Classroom 705 Art
110101-10,Thursday,Period 9 (US),US Classroom 705 Art
110170-10,Monday,Period 2 (US),US Classroom 705 Art
110170-10,Thursday,Period 2 (US),US Classroom 705 Art
110170-20,Monday,Period 8 (US),US Classroom 705 Art
110170-20,Thursday,Period 4 (US),US Classroom 705 Art
110170-30,Tuesday,Period 5 (US),US Classroom 705 Art
110170-30,Friday,Period 2 (US),US Classroom 705 Art
110170-40,Tuesday,Period 9 (US),US Classroom 705 Art
110170-40,Friday,Period 5 (US),US Classroom 705 Art
110270-10,Monday,Period 2 (US),US Classroom 702 Music
110270-10,Thursday,Period 2 (US),US Classroom 702 Music
110270-20,Monday,Period 8 (US),US Classroom 702 Music
110270-20,Thursday,Period 4 (US),US Classroom 702 Music
110270-30,Tuesday,Period 5 (US),US Classroom 702 Music
110270-30,Friday,Period 2 (US),US Classroom 702 Music
110270-40,Tuesday,Period 9 (US),US Classroom 702 Music
110270-40,Friday,Period 5 (US),US Classroom 702 Music
110370-10,Wednesday,Period 4 (US),US Classroom 306
110370-20,Wednesday,Period 10 (US),US Classroom 406
110370-30,Wednesday,Period 4 (US),US Classroom 306
110370-40,Wednesday,Period 10 (US),US Classroom 406
110701-10,Monday,Period 9 (US),US Learning Center
110701-10,Tuesday,Period 1 (US),US Learning Center
110701-10,Thursday,Period 9 (US),US Learning Center
110701-30,Monday,Period 4 (US),US Learning Center
110701-30,Tuesday,Period 7 (US),US Learning Center
110701-30,Wednesday,Period 9 (US),US Learning Center
110701-40,Monday,Period 1 (US),US Learning Center
110701-40,Wednesday,Period 1 (US),US Learning Center
110701-40,Friday,Period 6 (US),US Learning Center
110806-10,Monday,Period 2 (US),US Classroom 307
110806-10,Thursday,Period 2 (US),US Classroom 307
110810-10,Tuesday,Period 5 (US),US Auditorium
110810-10,Friday,Period 2 (US),US Auditorium
111000-15,Monday,Period 9 (US),US Classroom 302
111000-15,Tuesday,Period 1 (US),US Classroom 304
111000-15,Wednesday,Period 3 (US),US Classroom 303 Math
111000-15,Thursday,Period 9 (US),US Classroom 303 Math
111000-20,Monday,Period 10 (US),US Classroom 303 Math
111000-20,Tuesday,Period 2 (US),US Classroom 602
111000-20,Wednesday,Period 7 (US),US Classroom 507
111000-20,Thursday,Period 7 (US),US Classroom 704 Computer
111000-30,Monday,Period 4 (US),US Classroom 602
111000-30,Tuesday,Period 7 (US),US Classroom 307
111000-30,Wednesday,Period 9 (US),US Classroom 307
111000-30,Thursday,Period 8 (US),US Classroom 602
111000-40,Monday,Period 1 (US),US Classroom 307
111000-40,Wednesday,Period 1 (US),US Classroom 307
111000-40,Thursday,Period 5 (US),US Classroom 307
111000-40,Friday,Period 6 (US),US Classroom 307
111001-20,Monday,Period 10 (US),US Classroom 302
111001-20,Tuesday,Period 2 (US),US Classroom 304
111001-20,Wednesday,Period 7 (US),US Classroom 303 Math
111001-20,Thursday,Period 7 (US),US Classroom 303 Math
112010-10,Monday,Period 9 (US),US Classroom 301
112010-10,Tuesday,Period 1 (US),US Classroom 301
112010-10,Wednesday,Period 3 (US),US Classroom 301
112010-10,Thursday,Period 9 (US),US Classroom 301
112010-15,Monday,Period 9 (US),US Classroom 304
112010-15,Tuesday,Period 1 (US),US Classroom 603 Math
112010-15,Wednesday,Period 3 (US),US Classroom 501
112010-15,Thursday,Period 9 (US),US Classroom 302
112010-20,Monday,Period 10 (US),US Classroom 301
112010-20,Tuesday,Period 2 (US),US Classroom 301
112010-20,Wednesday,Period 7 (US),US Classroom 301
112010-20,Thursday,Period 7 (US),US Classroom 301
112010-25,Monday,Period 10 (US),US Classroom 304
112010-25,Tuesday,Period 2 (US),US Classroom 603 Math
112010-25,Wednesday,Period 7 (US),US Classroom 304
112010-25,Thursday,Period 7 (US),US Classroom 406
112010-30,Monday,Period 4 (US),US Classroom 301
112010-30,Tuesday,Period 7 (US),US Classroom 301
112010-30,Wednesday,Period 9 (US),US Classroom 301
112010-30,Thursday,Period 8 (US),US Classroom 301
112010-35,Monday,Period 4 (US),US Classroom 304
112010-35,Tuesday,Period 7 (US),US Classroom 601
112010-35,Wednesday,Period 9 (US),US Classroom 306
112010-35,Thursday,Period 8 (US),US Classroom 305
112500-40,Monday,Period 1 (US),US Classroom 201 Beit Midrash
112500-40,Wednesday,Period 1 (US),US SC-Seminar
112500-40,Friday,Period 6 (US),US Classroom 201 Beit Midrash
112540-40,Monday,Period 1 (US),US Classroom 501
112540-40,Wednesday,Period 1 (US),US Classroom 501
112540-40,Thursday,Period 5 (US),US Classroom 501
112540-40,Friday,Period 6 (US),US Classroom 501
112591-40,Monday,Period 1 (US),US Classroom 406
112591-40,Wednesday,Period 1 (US),US Classroom 406
112591-40,Thursday,Period 5 (US),US Classroom 406
112591-40,Friday,Period 6 (US),US Classroom 406
113021-10,Monday,Period 9 (US),US 4th Flr Conference Room
113021-10,Tuesday,Period 1 (US),US 4th Flr Conference Room
113021-10,Wednesday,Period 3 (US),US 4th Flr Conference Room
113021-10,Thursday,Period 9 (US),US 4th Flr Conference Room
113024-40,Monday,Period 1 (US),US 4th Flr Conference Room
113024-40,Wednesday,Period 1 (US),US 4th Flr Conference Room
113024-40,Thursday,Period 5 (US),US 4th Flr Conference Room
113032-10,Wednesday,Period 10 (US),US 4th Flr Conference Room
113034-40,Wednesday,Period 1 (US),US Classroom 507
113034-40,Thursday,Period 5 (US),US Classroom 507
113034-40,Friday,Period 6 (US),US 4th Flr Conference Room
113043-40,Monday,Period 1 (US),US Classroom 506
113043-40,Wednesday,Period 1 (US),US Classroom 304
113043-40,Friday,Period 6 (US),US Classroom 506
113044-20,Tuesday,Period 2 (US),US Classroom 306
113044-20,Wednesday,Period 7 (US),US Classroom 306
113044-20,Thursday,Period 7 (US),US Classroom 306
114010-10,Monday,Period 2 (US),US Classroom 507
114010-10,Tuesday,Period 5 (US),US Classroom 302
114010-10,Wednesday,Period 4 (US),US Classroom 302
114010-10,Thursday,Period 2 (US),US Classroom 606 Math
114010-10,Friday,Period 2 (US),US Classroom 603 Math
114010-20,Monday,Period 8 (US),US SC-Seminar
114010-20,Tuesday,Period 9 (US),US SC-Seminar
114010-20,Wednesday,Period 10 (US),US SC-Seminar
114010-20,Thursday,Period 4 (US),US SC-Seminar
114010-20,Friday,Period 5 (US),US SC-Seminar
114012-10,Monday,Period 2 (US),US SC-Seminar
114012-10,Tuesday,Period 5 (US),US Classroom 606 Math
114012-10,Wednesday,Period 4 (US),US SC-Seminar
114012-10,Thursday,Period 2 (US),US SC-Seminar
114012-10,Friday,Period 2 (US),US SC-Seminar
114012-20,Monday,Period 8 (US),US Classroom 303 Math
114012-20,Tuesday,Period 9 (US),US Classroom 303 Math
114012-20,Wednesday,Period 10 (US),US Classroom 303 Math
114012-20,Thursday,Period 4 (US),US Classroom 303 Math
114012-20,Friday,Period 5 (US),US Classroom 303 Math
114014-10,Monday,Period 2 (US),US Classroom 303 Math
114014-10,Tuesday,Period 5 (US),US Classroom 303 Math
114014-10,Wednesday,Period 4 (US),US Classroom 303 Math
114014-10,Thursday,Period 2 (US),US Classroom 303 Math
114014-10,Friday,Period 2 (US),US Classroom 303 Math
114020-20,Monday,Period 8 (US),US Classroom 603 Math
114020-20,Tuesday,Period 9 (US),US Classroom 603 Math
114020-20,Wednesday,Period 10 (US),US Classroom 603 Math
114020-20,Thursday,Period 4 (US),US Classroom 603 Math
114020-20,Friday,Period 5 (US),US Classroom 603 Math
114021-10,Monday,Period 2 (US),US Classroom 503 Chem Lab
114021-10,Tuesday,Period 5 (US),US SC-Seminar
114021-10,Wednesday,Period 4 (US),US Classroom 304
114021-10,Thursday,Period 2 (US),US Classroom 406
114021-10,Friday,Period 2 (US),US Classroom 304
115001-20,Monday,Period 10 (US),US Classroom 502 Phys Lab
115001-20,Tuesday,Period 2 (US),US Classroom 502 Phys Lab
115001-20,Wednesday,Period 7 (US),US Classroom 502 Phys Lab
115001-20,Thursday,Period 7 (US),US Classroom 502 Phys Lab
115001-30,Monday,Period 4 (US),US Classroom 502 Phys Lab
115001-30,Tuesday,Period 7 (US),US Classroom 502 Phys Lab
115001-30,Wednesday,Period 9 (US),US Classroom 502 Phys Lab
115001-30,Thursday,Period 8 (US),US Classroom 502 Phys Lab
115002-10,Monday,Period 9 (US),US Classroom 506
115002-10,Tuesday,Period 1 (US),US Classroom 507
115002-10,Wednesday,Period 3 (US),US Classroom 506
115002-10,Thursday,Period 9 (US),US Classroom 501
115002-40,Monday,Period 1 (US),US Classroom 502 Phys Lab
115002-40,Wednesday,Period 1 (US),US Classroom 502 Phys Lab
115002-40,Thursday,Period 5 (US),US Classroom 502 Phys Lab
115002-40,Friday,Period 6 (US),US Classroom 502 Phys Lab
115003-30,Monday,Period 4 (US),US Classroom 506
115003-30,Tuesday,Period 7 (US),US Classroom 501
115003-30,Wednesday,Period 9 (US),US Classroom 503 Chem Lab
115003-30,Thursday,Period 8 (US),US Classroom 507
115004-10,Monday,Period 9 (US),US Classroom 502 Phys Lab
115004-10,Tuesday,Period 1 (US),US Classroom 502 Phys Lab
115004-10,Wednesday,Period 3 (US),US Classroom 502 Phys Lab
115004-10,Thursday,Period 9 (US),US Classroom 502 Phys Lab
115405-10,Tuesday,Period 5 (US),US Classroom 703
115405-10,Friday,Period 2 (US),US Classroom 703
115405-20,Monday,Period 8 (US),US Classroom 703
115405-20,Thursday,Period 4 (US),US Classroom 703
115405-25,Tuesday,Period 9 (US),US Classroom 703
115405-25,Friday,Period 5 (US),US Classroom 703
115406-10,Monday,Period 2 (US),US Classroom 704 Computer
115406-10,Thursday,Period 2 (US),US Classroom 704 Computer
115406-20,Tuesday,Period 9 (US),US Classroom 704 Computer
115406-20,Friday,Period 5 (US),US Classroom 704 Computer
115615-10,Monday,Period 9 (US),US Classroom 501
115615-10,Tuesday,Period 1 (US),US Classroom 602
115615-10,Wednesday,Period 3 (US),US SC-Seminar
115615-10,Thursday,Period 9 (US),US Classroom 506
116001-10,Monday,Period 7 (US),US Classroom 601
116001-10,Wednesday,Period 8 (US),US Classroom 306
116001-10,Thursday,Period 1 (US),US Classroom 303 Math
116001-10,Friday,Period 3 (US),US Classroom 301
116002-10,Monday,Period 7 (US),US Classroom 305
116002-10,Wednesday,Period 8 (US),US Classroom 305
116002-10,Thursday,Period 1 (US),US Classroom 602
116002-10,Friday,Period 3 (US),US Classroom 602
116002-20,Monday,Period 7 (US),US Classroom 401
116002-20,Wednesday,Period 8 (US),US Classroom 401
116002-20,Thursday,Period 1 (US),US Classroom 401
116002-20,Friday,Period 3 (US),US Classroom 401
116416-10,Monday,Period 3 (US),US Classroom 303 Math
116416-10,Tuesday,Period 3 (US),US Classroom 506
116416-10,Wednesday,Period 2 (US),US Classroom 602
116416-10,Thursday,Period 3 (US),US Classroom 306
116416-10,Friday,Period 4 (US),US Classroom 401
116417-10,Monday,Period 3 (US),US Classroom 307
116417-10,Tuesday,Period 3 (US),US Classroom 507
116417-10,Wednesday,Period 2 (US),US Classroom 302
116417-10,Thursday,Period 3 (US),US Classroom 602
116417-10,Friday,Period 4 (US),US Classroom 302
117000-10,Monday,Period 5 (US),US Library
117000-10,Monday,Period 8 (US),US Library
117000-10,Tuesday,Period 4 (US),US Library
117000-10,Tuesday,Period 8 (US),US Library
117000-10,Wednesday,Period 5 (US),US Library
117000-10,Thursday,Period 4 (US),US Library
117000-10,Thursday,Period 10 (US),US Library
117000-10,Friday,Period 1 (US),US Library
117001-10,Monday,Period 5 (US),US Classroom 302
117001-10,Tuesday,Period 4 (US),US Classroom 302
117001-10,Tuesday,Period 8 (US),US Classroom 302
117001-10,Wednesday,Period 5 (US),US Classroom 302
117001-10,Thursday,Period 10 (US),US Classroom 302
117001-10,Friday,Period 1 (US),US Classroom 302
117012-10,Monday,Period 5 (US),US Classroom 601
117012-10,Tuesday,Period 4 (US),US Classroom 303 Math
117012-10,Tuesday,Period 8 (US),US Classroom 507
117012-10,Wednesday,Period 5 (US),US Classroom 603 Math
117012-10,Thursday,Period 10 (US),US Classroom 305
117012-10,Friday,Period 1 (US),US Classroom 602
117012-20,Monday,Period 5 (US),US Classroom 602
117012-20,Tuesday,Period 4 (US),US Classroom 306
117012-20,Tuesday,Period 8 (US),US Classroom 501
117012-20,Wednesday,Period 5 (US),US Classroom 305
117012-20,Thursday,Period 10 (US),US Classroom 506
117012-20,Friday,Period 1 (US),US Classroom 603 Math
117023-10,Monday,Period 7 (US),US Classroom 704 Computer
117023-10,Tuesday,Period 10 (US),US Classroom 306
117023-10,Wednesday,Period 8 (US),US Classroom 307
117023-10,Thursday,Period 1 (US),US Classroom 603 Math
117023-10,Friday,Period 3 (US),US Classroom 502 Phys Lab
117023-20,Monday,Period 7 (US),US Classroom 702 Music
117023-20,Tuesday,Period 10 (US),US Classroom 302
117023-20,Wednesday,Period 8 (US),US Classroom 302
117023-20,Thursday,Period 1 (US),US Classroom 302
117023-20,Friday,Period 3 (US),US Classroom 302
118013-10,Monday,Period 3 (US),US Classroom 604
118013-10,Tuesday,Period 10 (US),US Classroom 604
118013-10,Friday,Period 4 (US),US Classroom 303 Math
118013-20,Monday,Period 3 (US),US Classroom 503 Chem Lab
118013-20,Tuesday,Period 10 (US),US Classroom 506
118013-20,Friday,Period 4 (US),US Classroom 506
118013-30,Monday,Period 3 (US),US Classroom 504 Bio Lab
118013-30,Tuesday,Period 10 (US),US Classroom 305
118013-30,Friday,Period 4 (US),US Classroom 507
118013-40,Tuesday,Period 4 (US),US Classroom 305
118013-40,Wednesday,Period 5 (US),US Classroom 306
118013-40,Thursday,Period 10 (US),US Classroom 507
118013-50,Tuesday,Period 4 (US),US Classroom 601
118013-50,Wednesday,Period 5 (US),US Classroom 601
118013-50,Thursday,Period 10 (US),US Classroom 601
118020-10,Monday,Period 8 (US),US Library
118020-10,Thursday,Period 4 (US),US Library
119001-10,Tuesday,Period 3 (US),US Classroom 304
119001-10,Wednesday,Period 2 (US),US Classroom 304
119001-10,Thursday,Period 3 (US),US Classroom 304
119001-20,Tuesday,Period 3 (US),US Classroom 406
119001-20,Wednesday,Period 2 (US),US Classroom 401
119001-20,Thursday,Period 3 (US),US Classroom 406
119002-10,Tuesday,Period 3 (US),US Classroom 602
119002-10,Wednesday,Period 2 (US),US Classroom 703
119002-10,Thursday,Period 3 (US),US Classroom 401
119003-40,Monday,Period 5 (US),US Classroom 301
119003-40,Tuesday,Period 8 (US),US Classroom 702 Music
119003-40,Friday,Period 1 (US),US Classroom 703
119003-50,Monday,Period 5 (US),US Classroom 401
119003-50,Tuesday,Period 8 (US),US Classroom 201 Beit Midrash
119003-50,Friday,Period 1 (US),US Classroom 401
119014-10,Monday,Period 5 (US),US Classroom 406
119014-10,Tuesday,Period 8 (US),US Classroom 301
119014-10,Friday,Period 1 (US),US Classroom 201 Beit Midrash
120101-10,Monday,Period 3 (US),US Classroom 705 Art
120101-10,Monday,Period 10 (US),US Classroom 705 Art
120101-10,Tuesday,Period 10 (US),US Classroom 705 Art
120101-10,Wednesday,Period 9 (US),US Classroom 705 Art
120101-10,Thursday,Period 8 (US),US Classroom 705 Art
120211-10,Monday,Period 3 (US),US Classroom 702 Music
120211-10,Tuesday,Period 10 (US),US Classroom 702 Music
120211-10,Wednesday,Period 9 (US),US Classroom 702 Music
120211-10,Thursday,Period 8 (US),US Classroom 702 Music
120211-10,Friday,Period 3 (US),US Classroom 601
120223-10,Monday,Period 3 (US),US Classroom 703
120223-10,Tuesday,Period 10 (US),US Classroom 703
120223-10,Wednesday,Period 9 (US),US Classroom 703
120223-10,Thursday,Period 8 (US),US Classroom 703
120422-10,Monday,Period 2 (US),US Classroom 703
120422-10,Tuesday,Period 4 (US),US Classroom 703
120422-10,Wednesday,Period 10 (US),US Classroom 703
120422-10,Thursday,Period 2 (US),US Classroom 703
121003-10,Monday,Period 6 (US),US Classroom 602
121003-10,Tuesday,Period 3 (US),US Classroom 201 Beit Midrash
121003-10,Wednesday,Period 4 (US),US Classroom 201 Beit Midrash
121003-10,Friday,Period 4 (US),US Classroom 201 Beit Midrash
121018-10,Tuesday,Period 5 (US),US Classroom 307
121018-10,Wednesday,Period 5 (US),US Classroom 307
121018-10,Thursday,Period 3 (US),US Classroom 307
121018-10,Friday,Period 5 (US),US Classroom 307
121032-10,Monday,Period 3 (US),US Classroom 302
121032-10,Tuesday,Period 10 (US),US Classroom 303 Math
121032-10,Wednesday,Period 9 (US),US Classroom 303 Math
121032-10,Thursday,Period 8 (US),US Classroom 303 Math
121053-10,Monday,Period 2 (US),US Classroom 201 Beit Midrash
121053-10,Tuesday,Period 6 (US),US Classroom 602
121053-10,Wednesday,Period 10 (US),US Classroom 201 Beit Midrash
121053-10,Thursday,Period 2 (US),US Classroom 201 Beit Midrash
121082-10,Monday,Period 8 (US),US Classroom 602
121082-10,Tuesday,Period 9 (US),US Classroom 307
121082-10,Wednesday,Period 8 (US),US Classroom 507
121082-10,Thursday,Period 1 (US),US Classroom 305
121083-10,Monday,Period 6 (US),US Classroom 603 Math
121083-10,Tuesday,Period 3 (US),US Classroom 401
121083-10,Wednesday,Period 4 (US),US Classroom 604
121083-10,Friday,Period 4 (US),US Classroom 604
122010-10,Monday,Period 5 (US),US Classroom 606 Math
122010-10,Tuesday,Period 3 (US),US Classroom 606 Math
122010-10,Wednesday,Period 4 (US),US Classroom 606 Math
122010-10,Friday,Period 4 (US),US Classroom 406
122014-10,Monday,Period 8 (US),US Classroom 301
122014-10,Tuesday,Period 9 (US),US Classroom 301
122014-10,Wednesday,Period 8 (US),US Classroom 301
122014-10,Thursday,Period 1 (US),US Classroom 301
122029-10,Monday,Period 8 (US),US Classroom 604
122029-10,Tuesday,Period 9 (US),US Classroom 604
122029-10,Wednesday,Period 8 (US),US Classroom 604
122029-10,Thursday,Period 1 (US),US Classroom 604
122042-10,Tuesday,Period 5 (US),US Classroom 501
122042-10,Wednesday,Period 5 (US),US Classroom 501
122042-10,Thursday,Period 3 (US),US Classroom 501
122042-10,Friday,Period 5 (US),US Classroom 501
122045-10,Monday,Period 5 (US),US Classroom 501
122045-10,Tuesday,Period 3 (US),US Classroom 501
122045-10,Wednesday,Period 4 (US),US Classroom 501
122045-10,Friday,Period 4 (US),US Classroom 501
122046-10,Tuesday,Period 5 (US),US Classroom 604
122046-10,Wednesday,Period 5 (US),US Classroom 604
122046-10,Thursday,Period 4 (US),US Classroom 604
122046-10,Friday,Period 5 (US),US Classroom 604
122050-10,Monday,Period 2 (US),US Classroom 202 Beit Knesset
122050-10,Tuesday,Period 4 (US),US Classroom 705 Art
122050-10,Wednesday,Period 10 (US),US Classroom 705 Art
122050-10,Thursday,Period 2 (US),US Classroom 202 Beit Knesset
122053-10,Monday,Period 2 (US),US Classroom 506
122053-10,Tuesday,Period 4 (US),US Classroom 603 Math
122053-10,Wednesday,Period 10 (US),US Classroom 502 Phys Lab
122053-10,Thursday,Period 2 (US),US Classroom 601
122054-10,Monday,Period 8 (US),US Classroom 501
122054-10,Tuesday,Period 9 (US),US Classroom 501
122054-10,Wednesday,Period 8 (US),US Classroom 501
122054-10,Thursday,Period 1 (US),US Classroom 501
123001-10,Monday,Period 3 (US),US Classroom 507
123001-10,Wednesday,Period 9 (US),US 4th Flr Conference Room
123001-10,Thursday,Period 8 (US),US 4th Flr Conference Room
123001-10,Friday,Period 3 (US),US Classroom 507
123002-10,Monday,Period 3 (US),US Classroom 506
123002-10,Wednesday,Period 9 (US),US Classroom 506
123002-10,Thursday,Period 8 (US),US Classroom 506
123002-10,Friday,Period 3 (US),US Classroom 506
123100-10,Monday,Period 2 (US),US Library
123100-10,Tuesday,Period 4 (US),US Classroom 506
123100-10,Wednesday,Period 10 (US),US Classroom 506
123100-10,Thursday,Period 2 (US),US Classroom 506
123200-10,Monday,Period 2 (US),US 4th Flr Conference Room
123200-10,Tuesday,Period 4 (US),US Classroom 507
123200-10,Thursday,Period 2 (US),US 4th Flr Conference Room
124001-10,Monday,Period 7 (US),US Classroom 303 Math
124001-10,Tuesday,Period 8 (US),US Classroom 303 Math
124001-10,Wednesday,Period 2 (US),US Classroom 303 Math
124001-10,Thursday,Period 10 (US),US Classroom 303 Math
124001-10,Friday,Period 1 (US),US Classroom 303 Math
124002-10,Monday,Period 7 (US),US SC-Seminar
124002-10,Tuesday,Period 8 (US),US SC-Seminar
124002-10,Wednesday,Period 2 (US),US SC-Seminar
124002-10,Thursday,Period 10 (US),US SC-Seminar
124002-10,Friday,Period 1 (US),US SC-Seminar
124002-20,Monday,Period 7 (US),US Classroom 603 Math
124002-20,Tuesday,Period 8 (US),US Classroom 603 Math
124002-20,Wednesday,Period 2 (US),US Classroom 603 Math
124002-20,Thursday,Period 10 (US),US Classroom 603 Math
124002-20,Friday,Period 1 (US),US Classroom 604
124013-10,Monday,Period 8 (US),US Classroom 606 Math
124013-10,Tuesday,Period 9 (US),US Classroom 606 Math
124013-10,Wednesday,Period 8 (US),US Classroom 606 Math
124013-10,Thursday,Period 1 (US),US Classroom 606 Math
124015-10,Monday,Period 7 (US),US Classroom 502 Phys Lab
124015-10,Tuesday,Period 8 (US),US Classroom 502 Phys Lab
124015-10,Wednesday,Period 2 (US),US Classroom 502 Phys Lab
124015-10,Thursday,Period 10 (US),US Classroom 502 Phys Lab
124015-10,Friday,Period 1 (US),US Classroom 502 Phys Lab
124019-10,Monday,Period 7 (US),US Classroom 307
124019-10,Tuesday,Period 8 (US),US Classroom 401
124019-10,Wednesday,Period 2 (US),US Classroom 305
124019-10,Thursday,Period 10 (US),US Classroom 304
124019-10,Friday,Period 1 (US),US Classroom 304
124020-10,Monday,Period 7 (US),US Classroom 406
124020-10,Tuesday,Period 8 (US),US Classroom 606 Math
124020-10,Wednesday,Period 2 (US),US Classroom 606 Math
124020-10,Thursday,Period 10 (US),US Classroom 606 Math
124020-10,Friday,Period 1 (US),US Classroom 606 Math
124026-10,Monday,Period 7 (US),US Classroom 606 Math
124026-10,Tuesday,Period 8 (US),US Classroom 406
124026-10,Wednesday,Period 2 (US),US Classroom 406
124026-10,Thursday,Period 10 (US),US Classroom 406
124026-10,Friday,Period 1 (US),US Classroom 406
125001-10,Tuesday,Period 5 (US),US Classroom 502 Phys Lab
125001-10,Wednesday,Period 5 (US),US Classroom 502 Phys Lab
125001-10,Thursday,Period 3 (US),US Classroom 502 Phys Lab
125001-10,Thursday,Period 4 (US),US Classroom 502 Phys Lab
125001-10,Friday,Period 5 (US),US Classroom 502 Phys Lab
125002-10,Tuesday,Period 5 (US),US Classroom 503 Chem Lab
125002-10,Wednesday,Period 5 (US),US Classroom 503 Chem Lab
125002-10,Thursday,Period 3 (US),US Classroom 503 Chem Lab
125002-10,Thursday,Period 4 (US),US Classroom 503 Chem Lab
125002-10,Friday,Period 5 (US),US Classroom 503 Chem Lab
125003-10,Tuesday,Period 5 (US),US Classroom 504 Bio Lab
125003-10,Wednesday,Period 5 (US),US Classroom 504 Bio Lab
125003-10,Thursday,Period 3 (US),US Classroom 504 Bio Lab
125003-10,Thursday,Period 4 (US),US Classroom 504 Bio Lab
125003-10,Friday,Period 5 (US),US Classroom 504 Bio Lab
125006-10,Monday,Period 7 (US),US Classroom 505 Projects Room
125006-10,Tuesday,Period 8 (US),US Classroom 505 Projects Room
125006-10,Wednesday,Period 2 (US),US Classroom 505 Projects Room
125006-10,Thursday,Period 3 (US),US Classroom 505 Projects Room
125006-10,Friday,Period 1 (US),US Classroom 505 Projects Room
125012-10,Tuesday,Period 5 (US),US Classroom 506
125012-10,Wednesday,Period 5 (US),US Classroom 506
125012-10,Thursday,Period 4 (US),US Classroom 506
125012-10,Friday,Period 5 (US),US Classroom 506
125014-10,Monday,Period 2 (US),US Classroom 603 Math
125014-10,Tuesday,Period 4 (US),US Classroom 501
125014-10,Wednesday,Period 10 (US),US Classroom 401
125014-10,Thursday,Period 2 (US),US Classroom 401
125022-10,Tuesday,Period 5 (US),US Classroom 504 Bio Lab
125022-10,Wednesday,Period 5 (US),US Classroom 504 Bio Lab
125022-10,Thursday,Period 3 (US),US Classroom 504 Bio Lab
125022-10,Thursday,Period 4 (US),US Classroom 504 Bio Lab
125022-10,Friday,Period 5 (US),US Classroom 504 Bio Lab
125023-10,Monday,Period 5 (US),US Classroom 502 Phys Lab
125023-10,Tuesday,Period 3 (US),US Classroom 502 Phys Lab
125023-10,Wednesday,Period 4 (US),US Classroom 502 Phys Lab
125023-10,Friday,Period 4 (US),US Classroom 502 Phys Lab
125086-10,Monday,Period 8 (US),US Classroom 504 Bio Lab
125086-10,Tuesday,Period 9 (US),US Classroom 504 Bio Lab
125086-10,Wednesday,Period 8 (US),US Classroom 504 Bio Lab
125086-10,Thursday,Period 1 (US),US Classroom 504 Bio Lab
126011-10,Monday,Period 4 (US),US Classroom 303 Math
126011-10,Tuesday,Period 1 (US),US Classroom 703
126011-10,Wednesday,Period 7 (US),US Classroom 305
126011-10,Thursday,Period 7 (US),US Classroom 507
126011-15,Monday,Period 4 (US),US Classroom 603 Math
126011-15,Tuesday,Period 1 (US),US Classroom 201 Beit Midrash
126011-15,Wednesday,Period 7 (US),US Classroom 201 Beit Midrash
126011-15,Thursday,Period 7 (US),US Classroom 201 Beit Midrash
126040-10,Monday,Period 9 (US),US Classroom 601
126040-10,Wednesday,Period 3 (US),US Classroom 601
126040-10,Thursday,Period 9 (US),US Classroom 601
126040-10,Friday,Period 2 (US),US Classroom 601
126524-10,Monday,Period 9 (US),US Classroom 401
126524-10,Wednesday,Period 3 (US),US Classroom 401
126524-10,Thursday,Period 9 (US),US Classroom 401
126524-10,Friday,Period 2 (US),US Classroom 401
126569-10,Monday,Period 9 (US),US Classroom 305
126569-10,Wednesday,Period 3 (US),US Classroom 305
126569-10,Thursday,Period 9 (US),US Classroom 305
126569-10,Friday,Period 2 (US),US Classroom 305
126963-10,Monday,Period 4 (US),US Classroom 302
126963-10,Tuesday,Period 1 (US),US Classroom 302
126963-10,Wednesday,Period 7 (US),US Classroom 302
126963-10,Thursday,Period 7 (US),US Classroom 302
127001-10,Monday,Period 3 (US),US Library
127001-10,Tuesday,Period 10 (US),US Library
127001-10,Wednesday,Period 9 (US),US Library
127001-10,Thursday,Period 8 (US),US Library
127001-10,Friday,Period 3 (US),US Library
127011-10,Monday,Period 1 (US),US Classroom 606 Math
127011-10,Tuesday,Period 2 (US),US Classroom 401
127011-10,Wednesday,Period 1 (US),US Classroom 401
127011-10,Thursday,Period 5 (US),US Classroom 401
127011-10,Friday,Period 6 (US),US Classroom 604
127020-10,Monday,Period 1 (US),US Classroom 401
127020-10,Tuesday,Period 2 (US),US Classroom 302
127020-10,Wednesday,Period 1 (US),US Classroom 201 Beit Midrash
127020-10,Thursday,Period 5 (US),US Classroom 305
127020-10,Friday,Period 6 (US),US Classroom 305
128025-10,Monday,Period 4 (US),US Classroom 601
128025-10,Tuesday,Period 1 (US),US Classroom 601
128025-10,Wednesday,Period 7 (US),US Classroom 601
128025-10,Thursday,Period 7 (US),US Classroom 601
128029-10,Monday,Period 4 (US),US Classroom 606 Math
128029-10,Tuesday,Period 1 (US),US Classroom 606 Math
128029-10,Wednesday,Period 7 (US),US Classroom 602
128029-10,Thursday,Period 7 (US),US Classroom 602
128032-10,Monday,Period 9 (US),US Classroom 406
128032-10,Wednesday,Period 3 (US),US Classroom 406
128032-10,Thursday,Period 9 (US),US Classroom 406
128032-10,Friday,Period 2 (US),US Classroom 301
128036-10,Monday,Period 1 (US),US Classroom 306
128036-10,Wednesday,Period 1 (US),US Classroom 301
128036-10,Thursday,Period 5 (US),US Classroom 603 Math
128036-10,Friday,Period 6 (US),US Classroom 603 Math
128037-10,Monday,Period 9 (US),US Classroom 201 Beit Midrash
128037-10,Wednesday,Period 3 (US),US Classroom 201 Beit Midrash
128037-10,Thursday,Period 9 (US),US Classroom 201 Beit Midrash
128037-10,Friday,Period 2 (US),US Classroom 306
128052-10,Monday,Period 1 (US),US Classroom 601
128052-10,Wednesday,Period 1 (US),US Classroom 601
128052-10,Thursday,Period 5 (US),US Classroom 601
128052-10,Friday,Period 6 (US),US Classroom 601
128056-10,Monday,Period 1 (US),US Classroom 302
128056-10,Wednesday,Period 1 (US),US Classroom 302
128056-10,Thursday,Period 5 (US),US Classroom 606 Math
128056-10,Friday,Period 6 (US),US Classroom 302
128623-10,Monday,Period 3 (US),US Classroom 606 Math
128623-10,Tuesday,Period 10 (US),US Classroom 606 Math
128623-10,Wednesday,Period 9 (US),US Classroom 604
128623-10,Thursday,Period 8 (US),US Classroom 401
129024-10,Monday,Period 3 (US),US Classroom 406
129024-10,Tuesday,Period 10 (US),US Classroom 406
129024-10,Wednesday,Period 9 (US),US Classroom 406
129024-10,Thursday,Period 8 (US),US Classroom 406
129024-10,Friday,Period 3 (US),US Classroom 406
129033-10,Monday,Period 2 (US),US Classroom 304
129033-10,Tuesday,Period 4 (US),US Classroom 304
129033-10,Wednesday,Period 10 (US),US Classroom 304
129033-10,Thursday,Period 2 (US),US Classroom 304
CADV12-1,Tuesday,Period 7 (US),US Classroom 406
CADV12-2,Tuesday,Period 7 (US),US Classroom 604
CADV12-3,Tuesday,Period 7 (US),US Classroom 302
CADV12-4,Tuesday,Period 7 (US),US Classroom 304
CHEMQUIZ-10,Friday,Period 4 (US),US Classroom 301
CHEMQUIZ-20,Friday,Period 4 (US),US Classroom 601
CHEMQUIZ-30,Friday,Period 4 (US),US Classroom 602
CHEMQUIZ-40,Friday,Period 5 (US),US Classroom 301
CHEMQUIZ-50,Friday,Period 5 (US),US Classroom 601
CHEMQUIZ-60,Friday,Period 5 (US),US Classroom 602